type,yahoo_symbol,trading212_symbol,benchmark_index
ticker,AAPL,AAPL,^GSPC
ticker,MSFT,MSFT,^GSPC
ticker,NVDA,NVDA,^GSPC
ticker,AMD,AMD,^GSPC
ticker,TSLA,TSLA,^GSPC
ticker,INTC,INTC,^GSPC
ticker,GDS,GDS,^GSPC
ticker,QBTS,QBTS,^GSPC
ticker,IONQ,IONQ,^GSPC
ticker,RGTI,RGTI,^GSPC
ticker,QUBT,QUBT,^GSPC
ticker,PFE,PFE,^GSPC
ticker,JNJ,JNJ,^GSPC
ticker,MRK,MRK,^GSPC
ticker,ABBV,ABBV,^GSPC
ticker,BMY,BMY,^GSPC
ticker,LLY,LLY,^GSPC
ticker,GILD,GILD,^GSPC
ticker,AMGN,AMGN,^GSPC
ticker,REGN,REGN,^GSPC
ticker,VRTX,VRTX,^GSPC
ticker,BIIB,BIIB,^GSPC
ticker,TEVA,TEVA,^GSPC
ticker,ZTS,ZTS,^GSPC
ticker,ALKS,ALKS,^GSPC
ticker,IONS,IONS,^GSPC
ticker,INCY,INCY,^GSPC
ticker,RHM.DE,,^GDAXI
ticker,HAG.DE,,^GDAXI
ticker,HO.PA,,^FCHI
ticker,SAF.PA,,^FCHI
ticker,AM.PA,,^FCHI
ticker,BA.L,,^FTSE
ticker,RR.L,,^FTSE
ticker,QQ.L,,^FTSE
ticker,LDO.MI,,^FTMIB
ticker,IDR.MC,,^IBEX
ticker,SAAB-B.ST,,^OMX
ticker,AIR.AS,,^AEX
ticker,KOG.OL,,^OSEAX
ticker,SAP.DE,,^GDAXI
ticker,ASML.AS,,^AEX
ticker,ADYEN.AS,,^AEX
ticker,CAP.PA,,^FCHI
ticker,SGE.L,,^FTSE
ticker,ERIC-B.ST,,^OMX
ticker,DBK.DE,,^GDAXI
ticker,CBK.DE,,^GDAXI
ticker,BNP.PA,,^FCHI
ticker,GLE.PA,,^FCHI
ticker,HSBA.L,,^FTSE
ticker,LLOY.L,,^FTSE
ticker,BARC.L,,^FTSE
ticker,SAN.MC,,^IBEX
ticker,BBVA.MC,,^IBEX
ticker,ISP.MI,,^FTMIB
ticker,UCG.MI,,^FTMIB
ticker,INGA.AS,,^AEX
ticker,UBSG.SW,,^SSMI
ticker,VOW3.DE,,^GDAXI
ticker,BMW.DE,,^GDAXI
ticker,RNO.PA,,^FCHI
ticker,PEUG.PA,,^FCHI
ticker,STLA,,^FTMIB
ticker,VOLV-B.ST,,^OMX
ticker,BP.L,,^FTSE
ticker,SHEL.L,,^FTSE
ticker,TTE.PA,,^FCHI
ticker,ENI.MI,,^FTMIB
ticker,REP.MC,,^IBEX
ticker,EQNR.OL,,^OSEAX
ticker,NOVN.SW,,^SSMI
ticker,ROG.SW,,^SSMI
ticker,GSK.L,,^FTSE
ticker,GS71.DE,GS71,^GSPC
ticker,WTAI,WTAI,^GSPC
ticker,AZN.L,,^FTSE
ticker,HIK.L,,^FTSE
ticker,SAN.PA,,^FCHI
ticker,IPS.PA,,^FCHI
ticker,BAYN.DE,,^GDAXI
ticker,MRK.DE,,^GDAXI
ticker,FRE.DE,,^GDAXI
ticker,EVT.DE,,^GDAXI
ticker,NOVO-B.CO,,^OMXC25
ticker,LUN.TO,,^OMXC25
ticker,UCB.BR,,^BFX
ticker,PHIA.AS,,^AEX
ticker,PHG,,^AEX
ticker,GETI-B.ST,,^OMX
ticker,REC.MI,,^FTMIB
ticker,DIA.MI,,^FTMIB
ticker,GRF.MC,,^IBEX
ticker,FAE.MC,,^IBEX
ticker,PZU.WA,,^WIG20
ticker,EVN.VI,,^ATX
ticker,MC.PA,,^FCHI
ticker,KER.PA,,^FCHI
ticker,CFR.SW,,^SSMI
ticker,DGE.L,,^FTSE
ticker,ULVR.L,,^FTSE
ticker,ADS.DE,,^GDAXI
ticker,PRY.MI,,^FTMIB
ticker,SIEGY,SIEGY,^GSPC
ticker,SIE.DE,,^GDAXI
ticker,SMIN.L,,^FTSE
ticker,ATCO-A.ST,,^OMX
ticker,ATCO-B.ST,,^OMX
ticker,VOD.L,,^FTSE
ticker,BT-A.L,,^FTSE
ticker,DTE.DE,,^GDAXI
ticker,TEF.MC,,^IBEX
ticker,KPN.AS,,^AEX
ticker,EOAN.DE,,^GDAXI
ticker,ENGI.PA,,^FCHI
ticker,NG.L,,^FTSE
ticker,IBE.MC,,^IBEX
ticker,ENEL.MI,,^FTMIB
ticker,RIO.L,,^FTSE
ticker,GLEN.L,,^FTSE
ticker,LONN.SW,,^SSMI
ticker,BAS.DE,,^GDAXI
ticker,LAND.L,,^FTSE
ticker,VNA.DE,,^GDAXI
ticker,NESN.SW,,^SSMI
ticker,TSCO.L,,^FTSE
ticker,DANOY,DANOY,^GSPC
ticker,HEIA.AS,,^AEX
ticker,NXT.L,,^FTSE
ticker,ZAL.DE,,^GDAXI
ticker,CA.PA,,^FCHI
ticker,ADBE,ADBE,^GSPC
ticker,AMZN,AMZN,^GSPC
ticker,AVGO,AVGO,^GSPC
ticker,AXP,AXP,^GSPC
ticker,BA,BA,^GSPC
ticker,BKNG,BKNG,^GSPC
ticker,CAT,CAT,^GSPC
ticker,COST,COST,^GSPC
ticker,CRM,CRM,^GSPC
ticker,CRWD,CRWD,^GSPC
ticker,DE,DE,^GSPC
ticker,GE,GE,^GSPC
ticker,GOOG,GOOG,^GSPC
ticker,GOOGL,GOOGL,^GSPC
ticker,HD,HD,^GSPC
ticker,HON,HON,^GSPC
ticker,INTU,INTU,^GSPC
ticker,ISRG,ISRG,^GSPC
ticker,JPM,JPM,^GSPC
ticker,LOW,LOW,^GSPC
ticker,MA,MA,^GSPC
ticker,META,META,^GSPC
ticker,MMM,MMM,^GSPC
ticker,NFLX,NFLX,^GSPC
ticker,NOW,NOW,^GSPC
ticker,ORCL,ORCL,^GSPC
ticker,PEP,PEP,^GSPC
ticker,PLTR,PLTR,^GSPC
ticker,QCOM,QCOM,^GSPC
ticker,RTX,RTX,^GSPC
ticker,SBUX,SBUX,^GSPC
ticker,SNOW,SNOW,^GSPC
ticker,TMO,TMO,^GSPC
ticker,V,V,^GSPC
ticker,XOM,XOM,^GSPC
ticker,BAC,BAC,^GSPC
ticker,BK,BK,^GSPC
ticker,BLK,BLK,^GSPC
ticker,BMO,BMO,^GSPC
ticker,BNS,BNS,^GSPC
ticker,C,C,^GSPC
ticker,CFG,CFG,^GSPC
ticker,CMCSA,CMCSA,^GSPC
ticker,COF,COF,^GSPC
ticker,CSCO,CSCO,^GSPC
ticker,DDOG,DDOG,^GSPC
ticker,DELL,DELL,^GSPC
ticker,DHI,DHI,^GSPC
ticker,DIS,DIS,^GSPC
ticker,DOCN,DOCN,^GSPC
ticker,ESTC,ESTC,^GSPC
ticker,FITB,FITB,^GSPC
ticker,FTNT,FTNT,^GSPC
ticker,GS,GS,^GSPC
ticker,HBAN,HBAN,^GSPC
ticker,HPE,HPE,^GSPC
ticker,HPQ,HPQ,^GSPC
ticker,IBM,IBM,^GSPC
ticker,KBH,KBH,^GSPC
ticker,KEY,KEY,^GSPC
ticker,KO,KO,^GSPC
ticker,LEN,LEN,^GSPC
ticker,MCD,MCD,^GSPC
ticker,MDB,MDB,^GSPC
ticker,MS,MS,^GSPC
ticker,MTB,MTB,^GSPC
ticker,NET,NET,^GSPC
ticker,NKE,NKE,^GSPC
ticker,NTRS,NTRS,^GSPC
ticker,NVR,NVR,^GSPC
ticker,OKTA,OKTA,^GSPC
ticker,PANW,PANW,^GSPC
ticker,PG,PG,^GSPC
ticker,PHM,PHM,^GSPC
ticker,PNC,PNC,^GSPC
ticker,ROST,ROST,^GSPC
ticker,RY,RY,^GSPC
ticker,SCHW,SCHW,^GSPC
ticker,STT,STT,^GSPC
ticker,T,T,^GSPC
ticker,TD,TD,^GSPC
ticker,TFC,TFC,^GSPC
ticker,TGT,TGT,^GSPC
ticker,TJX,TJX,^GSPC
ticker,TOL,TOL,^GSPC
ticker,UNH,UNH,^GSPC
ticker,USB,USB,^GSPC
ticker,VZ,VZ,^GSPC
ticker,WFC,WFC,^GSPC
ticker,WMT,WMT,^GSPC
ticker,ZION,ZION,^GSPC
ticker,ZS,ZS,^GSPC
ticker,ANET,ANET,^GSPC
ticker,APP,APP,^GSPC
ticker,CDNS,CDNS,^GSPC
ticker,CHKP,CHKP,^GSPC
ticker,CTSH,CTSH,^GSPC
ticker,DOCU,DOCU,^GSPC
ticker,FRSH,FRSH,^GSPC
ticker,GTLB,GTLB,^GSPC
ticker,HUBS,HUBS,^GSPC
ticker,QLYS,QLYS,^GSPC
ticker,RPD,RPD,^GSPC
ticker,TEAM,TEAM,^GSPC
ticker,TENB,TENB,^GSPC
ticker,VEEV,VEEV,^GSPC
ticker,WDAY,WDAY,^GSPC
ticker,ZM,ZM,^GSPC
ticker,AMAT,AMAT,^GSPC
ticker,ASML,ASML,^GSPC
ticker,LRCX,LRCX,^GSPC
ticker,KLAC,KLAC,^GSPC
ticker,MCHP,MCHP,^GSPC
ticker,MPWR,MPWR,^GSPC
ticker,MRVL,MRVL,^GSPC
ticker,NXPI,NXPI,^GSPC
ticker,ON,ON,^GSPC
ticker,QRVO,QRVO,^GSPC
ticker,SWKS,SWKS,^GSPC
ticker,TXN,TXN,^GSPC
ticker,WOLF,WOLF,^GSPC
ticker,ADSK,ADSK,^GSPC
ticker,FROG,FROG,^GSPC
ticker,EBAY,EBAY,^GSPC
ticker,ETSY,ETSY,^GSPC
ticker,MELI,MELI,^GSPC
ticker,SHOP,SHOP,^GSPC
ticker,BBY,BBY,^GSPC
ticker,DKS,DKS,^GSPC
ticker,ULTA,ULTA,^GSPC
ticker,ALLY,ALLY,^GSPC
ticker,BEN,BEN,^GSPC
ticker,CBOE,CBOE,^GSPC
ticker,CME,CME,^GSPC
ticker,COIN,COIN,^GSPC
ticker,FDS,FDS,^GSPC
ticker,FIS,FIS,^GSPC
ticker,FISV,FISV,^GSPC
ticker,ICE,ICE,^GSPC
ticker,IVZ,IVZ,^GSPC
ticker,NDAQ,NDAQ,^GSPC
ticker,TROW,TROW,^GSPC
ticker,ALNY,ALNY,^GSPC
ticker,BMRN,BMRN,^GSPC
ticker,EXAS,EXAS,^GSPC
ticker,FOLD,FOLD,^GSPC
ticker,HALO,HALO,^GSPC
ticker,ILMN,ILMN,^GSPC
ticker,MRNA,MRNA,^GSPC
ticker,NBIX,NBIX,^GSPC
ticker,NVAX,NVAX,^GSPC
ticker,SGMO,SGMO,^GSPC
ticker,TECH,TECH,^GSPC
ticker,XBI,XBI,^GSPC
ticker,CI,CI,^GSPC
ticker,CNC,CNC,^GSPC
ticker,CVS,CVS,^GSPC
ticker,HCA,HCA,^GSPC
ticker,HUM,HUM,^GSPC
ticker,MOH,MOH,^GSPC
ticker,TDOC,TDOC,^GSPC
ticker,ABT,ABT,^GSPC
ticker,ALGN,ALGN,^GSPC
ticker,BAX,BAX,^GSPC
ticker,BDX,BDX,^GSPC
ticker,BSX,BSX,^GSPC
ticker,DHR,DHR,^GSPC
ticker,EW,EW,^GSPC
ticker,HOLX,HOLX,^GSPC
ticker,MDT,MDT,^GSPC
ticker,RMD,RMD,^GSPC
ticker,SYK,SYK,^GSPC
ticker,ZBH,ZBH,^GSPC
ticker,CMG,CMG,^GSPC
ticker,DRI,DRI,^GSPC
ticker,YUM,YUM,^GSPC
ticker,AS,AS,^GSPC
ticker,CL,CL,^GSPC
ticker,CLX,CLX,^GSPC
ticker,EL,EL,^GSPC
ticker,GIS,GIS,^GSPC
ticker,HRL,HRL,^GSPC
ticker,KMB,KMB,^GSPC
ticker,MDLZ,MDLZ,^GSPC
ticker,SJM,SJM,^GSPC
ticker,STZ,STZ,^GSPC
ticker,TAP,TAP,^GSPC
ticker,AOS,AOS,^GSPC
ticker,CHRW,CHRW,^GSPC
ticker,CMI,CMI,^GSPC
ticker,CSX,CSX,^GSPC
ticker,DOV,DOV,^GSPC
ticker,EMR,EMR,^GSPC
ticker,ETN,ETN,^GSPC
ticker,FAST,FAST,^GSPC
ticker,GNRC,GNRC,^GSPC
ticker,IR,IR,^GSPC
ticker,ITW,ITW,^GSPC
ticker,JCI,JCI,^GSPC
ticker,LMT,LMT,^GSPC
ticker,NDSN,NDSN,^GSPC
ticker,PH,PH,^GSPC
ticker,PNR,PNR,^GSPC
ticker,ROK,ROK,^GSPC
ticker,SWK,SWK,^GSPC
ticker,TTC,TTC,^GSPC
ticker,UNP,UNP,^GSPC
ticker,WWD,WWD,^GSPC
ticker,COP,COP,^GSPC
ticker,CVX,CVX,^GSPC
ticker,DVN,DVN,^GSPC
ticker,EOG,EOG,^GSPC
ticker,FANG,FANG,^GSPC
ticker,HAL,HAL,^GSPC
ticker,HESM,HES,^GSPC
ticker,MPC,MPC,^GSPC
ticker,OXY,OXY,^GSPC
ticker,SLB,SLB,^GSPC
ticker,VLO,VLO,^GSPC
ticker,APD,APD,^GSPC
ticker,CF,CF,^GSPC
ticker,DD,DD,^GSPC
ticker,ECL,ECL,^GSPC
ticker,FCX,FCX,^GSPC
ticker,LIN,LIN,^GSPC
ticker,LYB,LYB,^GSPC
ticker,NEM,NEM,^GSPC
ticker,PPG,PPG,^GSPC
ticker,SHW,SHW,^GSPC
ticker,VMC,VMC,^GSPC
ticker,WLK,WLK,^GSPC
ticker,AMT,AMT,^GSPC
ticker,AVB,AVB,^GSPC
ticker,BXP,BXP,^GSPC
ticker,CBRE,CBRE,^GSPC
ticker,EQIX,EQIX,^GSPC
ticker,EXPI,EXPI,^GSPC
ticker,PLD,PLD,^GSPC
ticker,PSA,PSA,^GSPC
ticker,SPG,SPG,^GSPC
ticker,WELL,WELL,^GSPC
ticker,TMUS,TMUS,^GSPC
ticker,AEP,AEP,^GSPC
ticker,AWK,AWK,^GSPC
ticker,DUK,DUK,^GSPC
ticker,ED,ED,^GSPC
ticker,ES,ES,^GSPC
ticker,EXC,EXC,^GSPC
ticker,NEE,NEE,^GSPC
ticker,SO,SO,^GSPC
ticker,SRE,SRE,^GSPC
ticker,WEC,WEC,^GSPC
ticker,XEL,XEL,^GSPC
ticker,GD,GD,^GSPC
ticker,HWM,HWM,^GSPC
ticker,NOC,NOC,^GSPC
ticker,TXT,TXT,^GSPC
ticker,BEI.DE,,^GDAXI
ticker,INFY,INFY,^GSPC
ticker,WIT,WIT,^GSPC
ticker,KGF.L,,^FTSE
ticker,ATO.PA,,^FCHI
ticker,LOGN.SW,,^SSMI
ticker,ALV.DE,,^GDAXI
ticker,MUV2.DE,,^GDAXI
ticker,ANTO.L,,^FTSE
ticker,AV.L,,^FTSE
ticker,BNZL.L,,^FTSE
ticker,CPG.L,,^FTSE
ticker,CNP,,^FCHI
ticker,CABK.MC,,^IBEX
ticker,BPER,,^FTMIB
ticker,AEG.AS,,^AEX
ticker,ZURN.SW,,^SSMI
ticker,CON.DE,,^GDAXI
ticker,SCA-B.ST,,^OMX
ticker,BTG.L,,^FTSE
ticker,FME.DE,,^GDAXI
ticker,DBV.PA,,^FCHI
ticker,GN.CO,,^OMXC25
ticker,ALC.SW,,^SSMI
ticker,GIVN.SW,,^SSMI
ticker,ABF.L,,^FTSE
ticker,BRBY.L,,^FTSE
ticker,JD.L,,^FTSE
ticker,RCO.PA,,^FCHI
ticker,HEN3.DE,,^GDAXI
ticker,RWE.DE,RWED,^GDAXI
ticker,IMI.L,,^FTSE
ticker,SU.PA,,^FCHI
ticker,ALFA.ST,,^OMX
ticker,BABA,BABA,^GSPC
ticker,BIDU,BIDU,^GSPC
ticker,JD,JD,^GSPC
ticker,NIO,NIO,^GSPC
ticker,PDD,PDD,^GSPC
ticker,TME,TME,^GSPC
ticker,TSM,TSM,^GSPC
ticker,XPEV,XPEV,^GSPC
ticker,CM,CM,^GSPC
ticker,CNR.TO,,^GSPTSE
ticker,CP.TO,,^GSPTSE
ticker,ENB,ENB,^GSPC
ticker,SU,SU,^GSPC
ticker,TRP,TRP,^GSPC
ticker,WCN,WCN,^GSPC
ticker,BHP,BHP,^GSPC
ticker,RIO,RIO,^GSPC
ticker,WES,WES,^GSPC
ticker,ABNB,ABNB,^GSPC
ticker,AFRM,AFRM,^GSPC
ticker,HOOD,HOOD,^GSPC
ticker,RBLX,RBLX,^GSPC
ticker,SOFI,SOFI,^GSPC
ticker,UPST,UPST,^GSPC
ticker,AFL,AFL,^GSPC
ticker,ATO,ATO,^GSPC
ticker,BRO,BRO,^GSPC
ticker,CBSH,CBSH,^GSPC
ticker,CBU,CBU,^GSPC
ticker,CHD,CHD,^GSPC
ticker,CTAS,CTAS,^GSPC
ticker,ESS,ESS,^GSPC
ticker,EXPD,EXPD,^GSPC
ticker,FRT,FRT,^GSPC
ticker,GPC,GPC,^GSPC
ticker,LEG,LEG,^GSPC
ticker,MKC,MKC,^GSPC
ticker,NUE,NUE,^GSPC
ticker,NWL,NWL,^GSPC
ticker,O,O,^GSPC
ticker,ROP,ROP,^GSPC
ticker,SON,SON,^GSPC
ticker,VFC,VFC,^GSPC
ticker,WST,WST,^GSPC
ticker,XLE,XLE,^GSPC
ticker,XLF,XLF,^GSPC
ticker,XLI,XLI,^GSPC
ticker,XLV,XLV,^GSPC
ticker,XLK,XLK,^GSPC
ticker,XLP,XLP,^GSPC
ticker,XLY,XLY,^GSPC
ticker,XLB,XLB,^GSPC
ticker,XLRE,XLRE,^GSPC
ticker,XLU,XLU,^GSPC
ticker,XLC,XLC,^GSPC
ticker,SONY,SONY,^GSPC
ticker,TM,TM,^GSPC
ticker,HMC,HMC,^GSPC
ticker,MUFG,MUFG,^GSPC
ticker,SMFG,SMFG,^GSPC
ticker,LPL,LPL,^GSPC
ticker,UMC,UMC,^GSPC
ticker,SSE.L,,^FTSE
ticker,CNQ,CNQ,^GSPC
ticker,BRK-B,BRK-B,^GSPC
ticker,BRK-A,BRK-A,^GSPC
ticker,A,A,^GSPC
ticker,AA,AA,^GSPC
ticker,AAL,AAL,^GSPC
ticker,AAON,AAON,^GSPC
ticker,ACGL,ACGL,^GSPC
ticker,ACI,ACI,^GSPC
ticker,ACM,ACM,^GSPC
ticker,ACN,ACN,^GSPC
ticker,ADC,ADC,^GSPC
ticker,ADI,ADI,^GSPC
ticker,ADM,ADM,^GSPC
ticker,ADP,ADP,^GSPC
ticker,AEE,AEE,^GSPC
ticker,AES,AES,^GSPC
ticker,AFG,AFG,^GSPC
ticker,AGCO,AGCO,^GSPC
ticker,AIG,AIG,^GSPC
ticker,AIT,AIT,^GSPC
ticker,AIZ,AIZ,^GSPC
ticker,AJG,AJG,^GSPC
ticker,AKAM,AKAM,^GSPC
ticker,ALB,ALB,^GSPC
ticker,ALGM,ALGM,^GSPC
ticker,ALK,ALK,^GSPC
ticker,ALL,ALL,^GSPC
ticker,ALLE,ALLE,^GSPC
ticker,ALV,ALV,^GSPC
ticker,AM,AM,^GSPC
ticker,AMCR,AMCR,^GSPC
ticker,AME,AME,^GSPC
ticker,AMG,AMG,^GSPC
ticker,AMH,AMH,^GSPC
ticker,AMKR,AMKR,^GSPC
ticker,AMP,AMP,^GSPC
ticker,AN,AN,^GSPC
ticker,ANF,ANF,^GSPC
ticker,AON,AON,^GSPC
ticker,APA,APA,^GSPC
ticker,APG,APG,^GSPC
ticker,APH,APH,^GSPC
ticker,APO,APO,^GSPC
ticker,APPF,APPF,^GSPC
ticker,APTV,APTV,^GSPC
ticker,AR,AR,^GSPC
ticker,ARE,ARE,^GSPC
ticker,ARES,ARES,^GSPC
ticker,ARMK,ARMK,^GSPC
ticker,ARW,ARW,^GSPC
ticker,ASB,ASB,^GSPC
ticker,ASGN,ASGN,^GSPC
ticker,ASH,ASH,^GSPC
ticker,ATI,ATI,^GSPC
ticker,ATR,ATR,^GSPC
ticker,AVAV,AVAV,^GSPC
ticker,AVNT,AVNT,^GSPC
ticker,AVT,AVT,^GSPC
ticker,AVTR,AVTR,^GSPC
ticker,AVY,AVY,^GSPC
ticker,AXON,AXON,^GSPC
ticker,AXTA,AXTA,^GSPC
ticker,AYI,AYI,^GSPC
ticker,AZO,AZO,^GSPC
ticker,BAH,BAH,^GSPC
ticker,BALL,BALL,^GSPC
ticker,BBWI,BBWI,^GSPC
ticker,BC,BC,^GSPC
ticker,BCO,BCO,^GSPC
ticker,BDC,BDC,^GSPC
ticker,BF-B,BF-B,^GSPC
ticker,BG,BG,^GSPC
ticker,BHF,BHF,^GSPC
ticker,BILL,BILL,^GSPC
ticker,BIO,BIO,^GSPC
ticker,BJ,BJ,^GSPC
ticker,BKH,BKH,^GSPC
ticker,BKR,BKR,^GSPC
ticker,BLD,BLD,^GSPC
ticker,BLDR,BLDR,^GSPC
ticker,BLKB,BLKB,^GSPC
ticker,BR,BR,^GSPC
ticker,BRBR,BRBR,^GSPC
ticker,BRKR,BRKR,^GSPC
ticker,BRX,BRX,^GSPC
ticker,BSY,BSY,^GSPC
ticker,BURL,BURL,^GSPC
ticker,BWA,BWA,^GSPC
ticker,BWXT,BWXT,^GSPC
ticker,BX,BX,^GSPC
ticker,BYD,BYD,^GSPC
ticker,CACI,CACI,^GSPC
ticker,CADE,CADE,^GSPC
ticker,CAG,CAG,^GSPC
ticker,CAH,CAH,^GSPC
ticker,CAR,CAR,^GSPC
ticker,CARR,CARR,^GSPC
ticker,CART,CART,^GSPC
ticker,CASY,CASY,^GSPC
ticker,CAVA,CAVA,^GSPC
ticker,CB,CB,^GSPC
ticker,CBT,CBT,^GSPC
ticker,CCI,CCI,^GSPC
ticker,CCK,CCK,^GSPC
ticker,CCL,CCL,^GSPC
ticker,CDP,CDP,^GSPC
ticker,CDW,CDW,^GSPC
ticker,CEG,CEG,^GSPC
ticker,CELH,CELH,^GSPC
ticker,CFR,CFR,^GSPC
ticker,CG,CG,^GSPC
ticker,CGNX,CGNX,^GSPC
ticker,CHDN,CHDN,^GSPC
ticker,CHE,CHE,^GSPC
ticker,CHH,CHH,^GSPC
ticker,CHRD,CHRD,^GSPC
ticker,CHTR,CHTR,^GSPC
ticker,CHWY,CHWY,^GSPC
ticker,CIEN,CIEN,^GSPC
ticker,CINF,CINF,^GSPC
ticker,CIVI,CIVI,^GSPC
ticker,CLF,CLF,^GSPC
ticker,CLH,CLH,^GSPC
ticker,CMA,CMA,^GSPC
ticker,CMC,CMC,^GSPC
ticker,CMS,CMS,^GSPC
ticker,CNH,CNH,^GSPC
ticker,CNM,CNM,^GSPC
ticker,CNO,CNO,^GSPC
ticker,CNP,CNP,^GSPC
ticker,CNX,CNX,^GSPC
ticker,CNXC,CNXC,^GSPC
ticker,COHR,COHR,^GSPC
ticker,COKE,COKE,^GSPC
ticker,COLB,COLB,^GSPC
ticker,COLM,COLM,^GSPC
ticker,COO,COO,^GSPC
ticker,COR,COR,^GSPC
ticker,COTY,COTY,^GSPC
ticker,CPAY,CPAY,^GSPC
ticker,CPB,CPB,^GSPC
ticker,CPRI,CPRI,^GSPC
ticker,CPRT,CPRT,^GSPC
ticker,CPT,CPT,^GSPC
ticker,CR,CR,^GSPC
ticker,CRBG,CRBG,^GSPC
ticker,CRH,CRH,^GSPC
ticker,CRL,CRL,^GSPC
ticker,CROX,CROX,^GSPC
ticker,CRS,CRS,^GSPC
ticker,CRUS,CRUS,^GSPC
ticker,CSGP,CSGP,^GSPC
ticker,CSL,CSL,^GSPC
ticker,CTRA,CTRA,^GSPC
ticker,CTVA,CTVA,^GSPC
ticker,CUBE,CUBE,^GSPC
ticker,CUZ,CUZ,^GSPC
ticker,CVLT,CVLT,^GSPC
ticker,CVNA,CVNA,^GSPC
ticker,CW,CW,^GSPC
ticker,CXT,CXT,^GSPC
ticker,CYTK,CYTK,^GSPC
ticker,D,D,^GSPC
ticker,DAL,DAL,^GSPC
ticker,DAR,DAR,^GSPC
ticker,DASH,DASH,^GSPC
ticker,DAY,DAY,^GSPC
ticker,DBX,DBX,^GSPC
ticker,DCI,DCI,^GSPC
ticker,DECK,DECK,^GSPC
ticker,DG,DG,^GSPC
ticker,DGX,DGX,^GSPC
ticker,DINO,DINO,^GSPC
ticker,DLB,DLB,^GSPC
ticker,DLR,DLR,^GSPC
ticker,DLTR,DLTR,^GSPC
ticker,DOC,DOC,^GSPC
ticker,DOCS,DOCS,^GSPC
ticker,DOW,DOW,^GSPC
ticker,DPZ,DPZ,^GSPC
ticker,DT,DT,^GSPC
ticker,DTE,DTE,^GSPC
ticker,DTM,DTM,^GSPC
ticker,DUOL,DUOL,^GSPC
ticker,DVA,DVA,^GSPC
ticker,DXCM,DXCM,^GSPC
ticker,DY,DY,^GSPC
ticker,EA,EA,^GSPC
ticker,EEFT,EEFT,^GSPC
ticker,EFX,EFX,^GSPC
ticker,EG,EG,^GSPC
ticker,EGP,EGP,^GSPC
ticker,EHC,EHC,^GSPC
ticker,EIX,EIX,^GSPC
ticker,ELAN,ELAN,^GSPC
ticker,ELF,ELF,^GSPC
ticker,ELS,ELS,^GSPC
ticker,ELV,ELV,^GSPC
ticker,EME,EME,^GSPC
ticker,ENS,ENS,^GSPC
ticker,ENSG,ENSG,^GSPC
ticker,ENTG,ENTG,^GSPC
ticker,EPAM,EPAM,^GSPC
ticker,EPR,EPR,^GSPC
ticker,EQH,EQH,^GSPC
ticker,EQR,EQR,^GSPC
ticker,EQT,EQT,^GSPC
ticker,ERIE,ERIE,^GSPC
ticker,ESAB,ESAB,^GSPC
ticker,ESNT,ESNT,^GSPC
ticker,ETR,ETR,^GSPC
ticker,EVR,EVR,^GSPC
ticker,EVRG,EVRG,^GSPC
ticker,EWBC,EWBC,^GSPC
ticker,EXE,EXE,^GSPC
ticker,EXEL,EXEL,^GSPC
ticker,EXLS,EXLS,^GSPC
ticker,EXP,EXP,^GSPC
ticker,EXPE,EXPE,^GSPC
ticker,EXPO,EXPO,^GSPC
ticker,EXR,EXR,^GSPC
ticker,F,F,^GSPC
ticker,FAF,FAF,^GSPC
ticker,FBIN,FBIN,^GSPC
ticker,FCFS,FCFS,^GSPC
ticker,FCN,FCN,^GSPC
ticker,FDX,FDX,^GSPC
ticker,FE,FE,^GSPC
ticker,FFIN,FFIN,^GSPC
ticker,FFIV,FFIV,^GSPC
ticker,FHI,FHI,^GSPC
ticker,FHN,FHN,^GSPC
ticker,FICO,FICO,^GSPC
ticker,FIVE,FIVE,^GSPC
ticker,FIX,FIX,^GSPC
ticker,FLEX,FLEX,^GSPC
ticker,FLG,FLG,^GSPC
ticker,FLO,FLO,^GSPC
ticker,FLR,FLR,^GSPC
ticker,FLS,FLS,^GSPC
ticker,FN,FN,^GSPC
ticker,FNB,FNB,^GSPC
ticker,FND,FND,^GSPC
ticker,FNF,FNF,^GSPC
ticker,FOUR,FOUR,^GSPC
ticker,FOX,FOX,^GSPC
ticker,FOXA,FOXA,^GSPC
ticker,FR,FR,^GSPC
ticker,FSLR,FSLR,^GSPC
ticker,FTI,FTI,^GSPC
ticker,FTV,FTV,^GSPC
ticker,G,G,^GSPC
ticker,GAP,GAP,^GSPC
ticker,GATX,GATX,^GSPC
ticker,GBCI,GBCI,^GSPC
ticker,GDDY,GDDY,^GSPC
ticker,GEF,GEF,^GSPC
ticker,GEHC,GEHC,^GSPC
ticker,GEN,GEN,^GSPC
ticker,GEV,GEV,^GSPC
ticker,GGG,GGG,^GSPC
ticker,GHC,GHC,^GSPC
ticker,GL,GL,^GSPC
ticker,GLPI,GLPI,^GSPC
ticker,GLW,GLW,^GSPC
ticker,GM,GM,^GSPC
ticker,GME,GME,^GSPC
ticker,GMED,GMED,^GSPC
ticker,GNTX,GNTX,^GSPC
ticker,GPK,GPK,^GSPC
ticker,GPN,GPN,^GSPC
ticker,GRMN,GRMN,^GSPC
ticker,GT,GT,^GSPC
ticker,GTLS,GTLS,^GSPC
ticker,GTM,GTM,^GSPC
ticker,GWRE,GWRE,^GSPC
ticker,GWW,GWW,^GSPC
ticker,GXO,GXO,^GSPC
ticker,H,H,^GSPC
ticker,HAE,HAE,^GSPC
ticker,HAS,HAS,^GSPC
ticker,HGV,HGV,^GSPC
ticker,HIG,HIG,^GSPC
ticker,HII,HII,^GSPC
ticker,HIMS,HIMS,^GSPC
ticker,HL,HL,^GSPC
ticker,HLI,HLI,^GSPC
ticker,HLNE,HLNE,^GSPC
ticker,HLT,HLT,^GSPC
ticker,HOG,HOG,^GSPC
ticker,HOMB,HOMB,^GSPC
ticker,HQY,HQY,^GSPC
ticker,HR,HR,^GSPC
ticker,HRB,HRB,^GSPC
ticker,HSIC,HSIC,^GSPC
ticker,HST,HST,^GSPC
ticker,HSY,HSY,^GSPC
ticker,HUBB,HUBB,^GSPC
ticker,HWC,HWC,^GSPC
ticker,HXL,HXL,^GSPC
ticker,IBKR,IBKR,^GSPC
ticker,IBOC,IBOC,^GSPC
ticker,IDA,IDA,^GSPC
ticker,IDXX,IDXX,^GSPC
ticker,IEX,IEX,^GSPC
ticker,IFF,IFF,^GSPC
ticker,INGR,INGR,^GSPC
ticker,INVH,INVH,^GSPC
ticker,IP,IP,^GSPC
ticker,IPGP,IPGP,^GSPC
ticker,IQV,IQV,^GSPC
ticker,IRM,IRM,^GSPC
ticker,IRT,IRT,^GSPC
ticker,IT,IT,^GSPC
ticker,ITT,ITT,^GSPC
ticker,J,J,^GSPC
ticker,JAZZ,JAZZ,^GSPC
ticker,JBHT,JBHT,^GSPC
ticker,JBL,JBL,^GSPC
ticker,JEF,JEF,^GSPC
ticker,JHG,JHG,^GSPC
ticker,JKHY,JKHY,^GSPC
ticker,JLL,JLL,^GSPC
ticker,KBR,KBR,^GSPC
ticker,KD,KD,^GSPC
ticker,KDP,KDP,^GSPC
ticker,KEX,KEX,^GSPC
ticker,KEYS,KEYS,^GSPC
ticker,KHC,KHC,^GSPC
ticker,KIM,KIM,^GSPC
ticker,KKR,KKR,^GSPC
ticker,KMI,KMI,^GSPC
ticker,KMPR,KMPR,^GSPC
ticker,KNF,KNF,^GSPC
ticker,KNSL,KNSL,^GSPC
ticker,KNX,KNX,^GSPC
ticker,KR,KR,^GSPC
ticker,KRC,KRC,^GSPC
ticker,KRG,KRG,^GSPC
ticker,KTOS,KTOS,^GSPC
ticker,KVUE,KVUE,^GSPC
ticker,L,L,^GSPC
ticker,LAD,LAD,^GSPC
ticker,LAMR,LAMR,^GSPC
ticker,LDOS,LDOS,^GSPC
ticker,LEA,LEA,^GSPC
ticker,LECO,LECO,^GSPC
ticker,LFUS,LFUS,^GSPC
ticker,LH,LH,^GSPC
ticker,LHX,LHX,^GSPC
ticker,LII,LII,^GSPC
ticker,LITE,LITE,^GSPC
ticker,LIVN,LIVN,^GSPC
ticker,LNT,LNT,^GSPC
ticker,LNTH,LNTH,^GSPC
ticker,LOPE,LOPE,^GSPC
ticker,LPX,LPX,^GSPC
ticker,LSCC,LSCC,^GSPC
ticker,LSTR,LSTR,^GSPC
ticker,LULU,LULU,^GSPC
ticker,LUV,LUV,^GSPC
ticker,LVS,LVS,^GSPC
ticker,LW,LW,^GSPC
ticker,LYV,LYV,^GSPC
ticker,M,M,^GSPC
ticker,MAA,MAA,^GSPC
ticker,MANH,MANH,^GSPC
ticker,MAR,MAR,^GSPC
ticker,MAS,MAS,^GSPC
ticker,MASI,MASI,^GSPC
ticker,MAT,MAT,^GSPC
ticker,MCK,MCK,^GSPC
ticker,MCO,MCO,^GSPC
ticker,MEDP,MEDP,^GSPC
ticker,MET,MET,^GSPC
ticker,MGM,MGM,^GSPC
ticker,MIDD,MIDD,^GSPC
ticker,MKSI,MKSI,^GSPC
ticker,MLI,MLI,^GSPC
ticker,MLM,MLM,^GSPC
ticker,MMS,MMS,^GSPC
ticker,MNST,MNST,^GSPC
ticker,MO,MO,^GSPC
ticker,MORN,MORN,^GSPC
ticker,MOS,MOS,^GSPC
ticker,MP,MP,^GSPC
ticker,MRSH,MRSH,^GSPC
ticker,MSA,MSA,^GSPC
ticker,MSCI,MSCI,^GSPC
ticker,MSI,MSI,^GSPC
ticker,MSM,MSM,^GSPC
ticker,MTCH,MTCH,^GSPC
ticker,MTD,MTD,^GSPC
ticker,MTDR,MTDR,^GSPC
ticker,MTG,MTG,^GSPC
ticker,MTN,MTN,^GSPC
ticker,MTSI,MTSI,^GSPC
ticker,MTZ,MTZ,^GSPC
ticker,MU,MU,^GSPC
ticker,MUR,MUR,^GSPC
ticker,MUSA,MUSA,^GSPC
ticker,MZTI,MZTI,^GSPC
ticker,NCLH,NCLH,^GSPC
ticker,NEU,NEU,^GSPC
ticker,NFG,NFG,^GSPC
ticker,NI,NI,^GSPC
ticker,NJR,NJR,^GSPC
ticker,NLY,NLY,^GSPC
ticker,NNN,NNN,^GSPC
ticker,NOV,NOV,^GSPC
ticker,NOVT,NOVT,^GSPC
ticker,NRG,NRG,^GSPC
ticker,NSA,NSA,^GSPC
ticker,NSC,NSC,^GSPC
ticker,NTAP,NTAP,^GSPC
ticker,NTNX,NTNX,^GSPC
ticker,NVST,NVST,^GSPC
ticker,NVT,NVT,^GSPC
ticker,NWE,NWE,^GSPC
ticker,NWS,NWS,^GSPC
ticker,NWSA,NWSA,^GSPC
ticker,NXST,NXST,^GSPC
ticker,NXT,NXT,^GSPC
ticker,NYT,NYT,^GSPC
ticker,OC,OC,^GSPC
ticker,ODFL,ODFL,^GSPC
ticker,OGE,OGE,^GSPC
ticker,OGS,OGS,^GSPC
ticker,OHI,OHI,^GSPC
ticker,OKE,OKE,^GSPC
ticker,OLED,OLED,^GSPC
ticker,OLLI,OLLI,^GSPC
ticker,OLN,OLN,^GSPC
ticker,OMC,OMC,^GSPC
ticker,ONB,ONB,^GSPC
ticker,ONTO,ONTO,^GSPC
ticker,OPCH,OPCH,^GSPC
ticker,ORA,ORA,^GSPC
ticker,ORI,ORI,^GSPC
ticker,ORLY,ORLY,^GSPC
ticker,OSK,OSK,^GSPC
ticker,OTIS,OTIS,^GSPC
ticker,OVV,OVV,^GSPC
ticker,OZK,OZK,^GSPC
ticker,PAG,PAG,^GSPC
ticker,PATH,PATH,^GSPC
ticker,PAYC,PAYC,^GSPC
ticker,PAYX,PAYX,^GSPC
ticker,PB,PB,^GSPC
ticker,PBF,PBF,^GSPC
ticker,PCAR,PCAR,^GSPC
ticker,PCG,PCG,^GSPC
ticker,PCH,PCH,^GSPC
ticker,PCTY,PCTY,^GSPC
ticker,PEG,PEG,^GSPC
ticker,PEGA,PEGA,^GSPC
ticker,PEN,PEN,^GSPC
ticker,PFG,PFG,^GSPC
ticker,PFGC,PFGC,^GSPC
ticker,PGR,PGR,^GSPC
ticker,PII,PII,^GSPC
ticker,PINS,PINS,^GSPC
ticker,PK,PK,^GSPC
ticker,PKG,PKG,^GSPC
ticker,PLNT,PLNT,^GSPC
ticker,PM,PM,^GSPC
ticker,PNFP,PNFP,^GSPC
ticker,PNW,PNW,^GSPC
ticker,PODD,PODD,^GSPC
ticker,POOL,POOL,^GSPC
ticker,POR,POR,^GSPC
ticker,POST,POST,^GSPC
ticker,PPC,PPC,^GSPC
ticker,PPL,PPL,^GSPC
ticker,PR,PR,^GSPC
ticker,PRI,PRI,^GSPC
ticker,PRU,PRU,^GSPC
ticker,PSKY,PSKY,^GSPC
ticker,PSN,PSN,^GSPC
ticker,PSTG,PSTG,^GSPC
ticker,PSX,PSX,^GSPC
ticker,PTC,PTC,^GSPC
ticker,PVH,PVH,^GSPC
ticker,PWR,PWR,^GSPC
ticker,PYPL,PYPL,^GSPC
ticker,Q,Q,^GSPC
ticker,R,R,^GSPC
ticker,RBA,RBA,^GSPC
ticker,RBC,RBC,^GSPC
ticker,RCL,RCL,^GSPC
ticker,REG,REG,^GSPC
ticker,REXR,REXR,^GSPC
ticker,RF,RF,^GSPC
ticker,RGA,RGA,^GSPC
ticker,RGEN,RGEN,^GSPC
ticker,RGLD,RGLD,^GSPC
ticker,RH,RH,^GSPC
ticker,RJF,RJF,^GSPC
ticker,RL,RL,^GSPC
ticker,RLI,RLI,^GSPC
ticker,RMBS,RMBS,^GSPC
ticker,RNR,RNR,^GSPC
ticker,ROIV,ROIV,^GSPC
ticker,ROL,ROL,^GSPC
ticker,RPM,RPM,^GSPC
ticker,RRC,RRC,^GSPC
ticker,RRX,RRX,^GSPC
ticker,RS,RS,^GSPC
ticker,RSG,RSG,^GSPC
ticker,RVTY,RVTY,^GSPC
ticker,RYAN,RYAN,^GSPC
ticker,RYN,RYN,^GSPC
ticker,SAIA,SAIA,^GSPC
ticker,SAIC,SAIC,^GSPC
ticker,SAM,SAM,^GSPC
ticker,SARO,SARO,^GSPC
ticker,SATS,SATS,^GSPC
ticker,SBAC,SBAC,^GSPC
ticker,SBRA,SBRA,^GSPC
ticker,SCI,SCI,^GSPC
ticker,SEIC,SEIC,^GSPC
ticker,SF,SF,^GSPC
ticker,SFM,SFM,^GSPC
ticker,SGI,SGI,^GSPC
ticker,SHC,SHC,^GSPC
ticker,SIGI,SIGI,^GSPC
ticker,SLAB,SLAB,^GSPC
ticker,SLGN,SLGN,^GSPC
ticker,SLM,SLM,^GSPC
ticker,SMCI,SMCI,^GSPC
ticker,SMG,SMG,^GSPC
ticker,SNA,SNA,^GSPC
ticker,SNDK,SNDK,^GSPC
ticker,SNPS,SNPS,^GSPC
ticker,SNX,SNX,^GSPC
ticker,SOLV,SOLV,^GSPC
ticker,SPGI,SPGI,^GSPC
ticker,SPXC,SPXC,^GSPC
ticker,SR,SR,^GSPC
ticker,SSB,SSB,^GSPC
ticker,SSD,SSD,^GSPC
ticker,ST,ST,^GSPC
ticker,STAG,STAG,^GSPC
ticker,STE,STE,^GSPC
ticker,STLD,STLD,^GSPC
ticker,STRL,STRL,^GSPC
ticker,STWD,STWD,^GSPC
ticker,STX,STX,^GSPC
ticker,SW,SW,^GSPC
ticker,SWX,SWX,^GSPC
ticker,SYF,SYF,^GSPC
ticker,SYNA,SYNA,^GSPC
ticker,SYY,SYY,^GSPC
ticker,TCBI,TCBI,^GSPC
ticker,TDG,TDG,^GSPC
ticker,TDY,TDY,^GSPC
ticker,TEL,TEL,^GSPC
ticker,TER,TER,^GSPC
ticker,TEX,TEX,^GSPC
ticker,THC,THC,^GSPC
ticker,THG,THG,^GSPC
ticker,THO,THO,^GSPC
ticker,TKO,TKO,^GSPC
ticker,TKR,TKR,^GSPC
ticker,TLN,TLN,^GSPC
ticker,TMHC,TMHC,^GSPC
ticker,TNL,TNL,^GSPC
ticker,TPL,TPL,^GSPC
ticker,TPR,TPR,^GSPC
ticker,TREX,TREX,^GSPC
ticker,TRGP,TRGP,^GSPC
ticker,TRMB,TRMB,^GSPC
ticker,TRU,TRU,^GSPC
ticker,TRV,TRV,^GSPC
ticker,TSCO,TSCO,^GSPC
ticker,TSN,TSN,^GSPC
ticker,TT,TT,^GSPC
ticker,TTD,TTD,^GSPC
ticker,TTEK,TTEK,^GSPC
ticker,TTWO,TTWO,^GSPC
ticker,TWLO,TWLO,^GSPC
ticker,TXNM,TXNM,^GSPC
ticker,TXRH,TXRH,^GSPC
ticker,TYL,TYL,^GSPC
ticker,UAL,UAL,^GSPC
ticker,UBER,UBER,^GSPC
ticker,UBSI,UBSI,^GSPC
ticker,UDR,UDR,^GSPC
ticker,UFPI,UFPI,^GSPC
ticker,UGI,UGI,^GSPC
ticker,UHS,UHS,^GSPC
ticker,ULS,ULS,^GSPC
ticker,UMBF,UMBF,^GSPC
ticker,UNM,UNM,^GSPC
ticker,UPS,UPS,^GSPC
ticker,URI,URI,^GSPC
ticker,USFD,USFD,^GSPC
ticker,UTHR,UTHR,^GSPC
ticker,VAL,VAL,^GSPC
ticker,VC,VC,^GSPC
ticker,VICI,VICI,^GSPC
ticker,VLTO,VLTO,^GSPC
ticker,VLY,VLY,^GSPC
ticker,VMI,VMI,^GSPC
ticker,VNO,VNO,^GSPC
ticker,VNOM,VNOM,^GSPC
ticker,VNT,VNT,^GSPC
ticker,VOYA,VOYA,^GSPC
ticker,VRSK,VRSK,^GSPC
ticker,VRSN,VRSN,^GSPC
ticker,VST,VST,^GSPC
ticker,VTR,VTR,^GSPC
ticker,VTRS,VTRS,^GSPC
ticker,VVV,VVV,^GSPC
ticker,WAB,WAB,^GSPC
ticker,WAL,WAL,^GSPC
ticker,WAT,WAT,^GSPC
ticker,WBD,WBD,^GSPC
ticker,WBS,WBS,^GSPC
ticker,WCC,WCC,^GSPC
ticker,WDC,WDC,^GSPC
ticker,WEX,WEX,^GSPC
ticker,WFRD,WFRD,^GSPC
ticker,WH,WH,^GSPC
ticker,WHR,WHR,^GSPC
ticker,WING,WING,^GSPC
ticker,WM,WM,^GSPC
ticker,WMB,WMB,^GSPC
ticker,WMG,WMG,^GSPC
ticker,WMS,WMS,^GSPC
ticker,WPC,WPC,^GSPC
ticker,WRB,WRB,^GSPC
ticker,WSM,WSM,^GSPC
ticker,WSO,WSO,^GSPC
ticker,WTFC,WTFC,^GSPC
ticker,WTRG,WTRG,^GSPC
ticker,WTS,WTS,^GSPC
ticker,WTW,WTW,^GSPC
ticker,WY,WY,^GSPC
ticker,WYNN,WYNN,^GSPC
ticker,XPO,XPO,^GSPC
ticker,XRAY,XRAY,^GSPC
ticker,XYL,XYL,^GSPC
ticker,XYZ,XYZ,^GSPC
ticker,YETI,YETI,^GSPC
ticker,ZBRA,ZBRA,^GSPC
ticker,AAMI,AAMI,^GSPC
ticker,AAP,AAP,^GSPC
ticker,AAT,AAT,^GSPC
ticker,ABCB,ABCB,^GSPC
ticker,ABG,ABG,^GSPC
ticker,ABM,ABM,^GSPC
ticker,ABR,ABR,^GSPC
ticker,ACA,ACA,^GSPC
ticker,ACAD,ACAD,^GSPC
ticker,ACHC,ACHC,^GSPC
ticker,ACIW,ACIW,^GSPC
ticker,ACLS,ACLS,^GSPC
ticker,ACMR,ACMR,^GSPC
ticker,ACT,ACT,^GSPC
ticker,ADAM,ADAM,^GSPC
ticker,ADEA,ADEA,^GSPC
ticker,ADMA,ADMA,^GSPC
ticker,ADNT,ADNT,^GSPC
ticker,ADUS,ADUS,^GSPC
ticker,AEIS,AEIS,^GSPC
ticker,AEO,AEO,^GSPC
ticker,AESI,AESI,^GSPC
ticker,AGO,AGO,^GSPC
ticker,AGYS,AGYS,^GSPC
ticker,AHCO,AHCO,^GSPC
ticker,AHH,AHH,^GSPC
ticker,AIN,AIN,^GSPC
ticker,AIR,AIR,^GSPC
ticker,AKR,AKR,^GSPC
ticker,AL,AL,^GSPC
ticker,ALEX,ALEX,^GSPC
ticker,ALG,ALG,^GSPC
ticker,ALGT,ALGT,^GSPC
ticker,ALRM,ALRM,^GSPC
ticker,AMN,AMN,^GSPC
ticker,AMPH,AMPH,^GSPC
ticker,AMR,AMR,^GSPC
ticker,AMSF,AMSF,^GSPC
ticker,AMTM,AMTM,^GSPC
ticker,AMWD,AMWD,^GSPC
ticker,ANDE,ANDE,^GSPC
ticker,ANGI,ANGI,^GSPC
ticker,ANIP,ANIP,^GSPC
ticker,AORT,AORT,^GSPC
ticker,AOSL,AOSL,^GSPC
ticker,APAM,APAM,^GSPC
ticker,APLE,APLE,^GSPC
ticker,APOG,APOG,^GSPC
ticker,ARCB,ARCB,^GSPC
ticker,ARI,ARI,^GSPC
ticker,ARLO,ARLO,^GSPC
ticker,AROC,AROC,^GSPC
ticker,ARR,ARR,^GSPC
ticker,ARWR,ARWR,^GSPC
ticker,ASO,ASO,^GSPC
ticker,ASTE,ASTE,^GSPC
ticker,ASTH,ASTH,^GSPC
ticker,ATEN,ATEN,^GSPC
ticker,ATGE,ATGE,^GSPC
ticker,AUB,AUB,^GSPC
ticker,AVA,AVA,^GSPC
ticker,AVNS,AVNS,^GSPC
ticker,AWI,AWI,^GSPC
ticker,AWR,AWR,^GSPC
ticker,AX,AX,^GSPC
ticker,AXL,AXL,^GSPC
ticker,AZTA,AZTA,^GSPC
ticker,AZZ,AZZ,^GSPC
ticker,BANC,BANC,^GSPC
ticker,BANF,BANF,^GSPC
ticker,BANR,BANR,^GSPC
ticker,BBT,BBT,^GSPC
ticker,BCC,BCC,^GSPC
ticker,BCPC,BCPC,^GSPC
ticker,BFH,BFH,^GSPC
ticker,BFS,BFS,^GSPC
ticker,BGC,BGC,^GSPC
ticker,BHE,BHE,^GSPC
ticker,BJRI,BJRI,^GSPC
ticker,BKE,BKE,^GSPC
ticker,BKU,BKU,^GSPC
ticker,BL,BL,^GSPC
ticker,BLFS,BLFS,^GSPC
ticker,BLMN,BLMN,^GSPC
ticker,BMI,BMI,^GSPC
ticker,BOH,BOH,^GSPC
ticker,BOOT,BOOT,^GSPC
ticker,BOX,BOX,^GSPC
ticker,BRC,BRC,^GSPC
ticker,BTSG,BTSG,^GSPC
ticker,BTU,BTU,^GSPC
ticker,BXMT,BXMT,^GSPC
ticker,CABO,CABO,^GSPC
ticker,CAKE,CAKE,^GSPC
ticker,CALM,CALM,^GSPC
ticker,CALX,CALX,^GSPC
ticker,CARG,CARG,^GSPC
ticker,CARS,CARS,^GSPC
ticker,CASH,CASH,^GSPC
ticker,CATY,CATY,^GSPC
ticker,CBRL,CBRL,^GSPC
ticker,CC,CC,^GSPC
ticker,CCOI,CCOI,^GSPC
ticker,CCS,CCS,^GSPC
ticker,CE,CE,^GSPC
ticker,CENT,CENT,^GSPC
ticker,CENTA,CENTA,^GSPC
ticker,CENX,CENX,^GSPC
ticker,CERT,CERT,^GSPC
ticker,CFFN,CFFN,^GSPC
ticker,CHCO,CHCO,^GSPC
ticker,CHEF,CHEF,^GSPC
ticker,CLB,CLB,^GSPC
ticker,CLSK,CLSK,^GSPC
ticker,CNK,CNK,^GSPC
ticker,CNMD,CNMD,^GSPC
ticker,CNR,CNR,^GSPC
ticker,CNS,CNS,^GSPC
ticker,CNXN,CNXN,^GSPC
ticker,COHU,COHU,^GSPC
ticker,COLL,COLL,^GSPC
ticker,CON,CON,^GSPC
ticker,CORT,CORT,^GSPC
ticker,CPF,CPF,^GSPC
ticker,CPK,CPK,^GSPC
ticker,CPRX,CPRX,^GSPC
ticker,CRC,CRC,^GSPC
ticker,CRGY,CRGY,^GSPC
ticker,CRI,CRI,^GSPC
ticker,CRK,CRK,^GSPC
ticker,CRSR,CRSR,^GSPC
ticker,CRVL,CRVL,^GSPC
ticker,CSGS,CSGS,^GSPC
ticker,CSR,CSR,^GSPC
ticker,CSW,CSW,^GSPC
ticker,CTKB,CTKB,^GSPC
ticker,CTRE,CTRE,^GSPC
ticker,CTS,CTS,^GSPC
ticker,CUBI,CUBI,^GSPC
ticker,CURB,CURB,^GSPC
ticker,CVBF,CVBF,^GSPC
ticker,CVCO,CVCO,^GSPC
ticker,CVI,CVI,^GSPC
ticker,CWEN,CWEN,^GSPC
ticker,CWEN-A,CWEN-A,^GSPC
ticker,CWK,CWK,^GSPC
ticker,CWST,CWST,^GSPC
ticker,CWT,CWT,^GSPC
ticker,CXM,CXM,^GSPC
ticker,CXW,CXW,^GSPC
ticker,CZR,CZR,^GSPC
ticker,DAN,DAN,^GSPC
ticker,DCOM,DCOM,^GSPC
ticker,DEA,DEA,^GSPC
ticker,DEI,DEI,^GSPC
ticker,DFH,DFH,^GSPC
ticker,DFIN,DFIN,^GSPC
ticker,DGII,DGII,^GSPC
ticker,DIOD,DIOD,^GSPC
ticker,DLX,DLX,^GSPC
ticker,DNOW,DNOW,^GSPC
ticker,DORM,DORM,^GSPC
ticker,DRH,DRH,^GSPC
ticker,DV,DV,^GSPC
ticker,DVAX,DVAX,^GSPC
ticker,DXC,DXC,^GSPC
ticker,DXPE,DXPE,^GSPC
ticker,EAT,EAT,^GSPC
ticker,ECG,ECG,^GSPC
ticker,ECPG,ECPG,^GSPC
ticker,EFC,EFC,^GSPC
ticker,EGBN,EGBN,^GSPC
ticker,EIG,EIG,^GSPC
ticker,ELME,ELME,^GSPC
ticker,EMBC,EMBC,^GSPC
ticker,EMN,EMN,^GSPC
ticker,ENOV,ENOV,^GSPC
ticker,ENPH,ENPH,^GSPC
ticker,ENR,ENR,^GSPC
ticker,ENVA,ENVA,^GSPC
ticker,EPAC,EPAC,^GSPC
ticker,EPC,EPC,^GSPC
ticker,EPRT,EPRT,^GSPC
ticker,ESE,ESE,^GSPC
ticker,ESI,ESI,^GSPC
ticker,ETD,ETD,^GSPC
ticker,EVTC,EVTC,^GSPC
ticker,EXTR,EXTR,^GSPC
ticker,EYE,EYE,^GSPC
ticker,EZPW,EZPW,^GSPC
ticker,FBK,FBK,^GSPC
ticker,FBNC,FBNC,^GSPC
ticker,FBP,FBP,^GSPC
ticker,FBRT,FBRT,^GSPC
ticker,FCF,FCF,^GSPC
ticker,FCPT,FCPT,^GSPC
ticker,FDP,FDP,^GSPC
ticker,FELE,FELE,^GSPC
ticker,FFBC,FFBC,^GSPC
ticker,FHB,FHB,^GSPC
ticker,FIBK,FIBK,^GSPC
ticker,FIZZ,FIZZ,^GSPC
ticker,FMC,FMC,^GSPC
ticker,FORM,FORM,^GSPC
ticker,FOXF,FOXF,^GSPC
ticker,FRPT,FRPT,^GSPC
ticker,FSS,FSS,^GSPC
ticker,FTDR,FTDR,^GSPC
ticker,FTRE,FTRE,^GSPC
ticker,FUL,FUL,^GSPC
ticker,FULT,FULT,^GSPC
ticker,FUN,FUN,^GSPC
ticker,FWRD,FWRD,^GSPC
ticker,GBX,GBX,^GSPC
ticker,GDEN,GDEN,^GSPC
ticker,GDYN,GDYN,^GSPC
ticker,GEO,GEO,^GSPC
ticker,GFF,GFF,^GSPC
ticker,GIII,GIII,^GSPC
ticker,GKOS,GKOS,^GSPC
ticker,GNL,GNL,^GSPC
ticker,GNW,GNW,^GSPC
ticker,GO,GO,^GSPC
ticker,GOGO,GOGO,^GSPC
ticker,GOLF,GOLF,^GSPC
ticker,GPI,GPI,^GSPC
ticker,GRBK,GRBK,^GSPC
ticker,GSHD,GSHD,^GSPC
ticker,GTES,GTES,^GSPC
ticker,GTY,GTY,^GSPC
ticker,GVA,GVA,^GSPC
ticker,HAFC,HAFC,^GSPC
ticker,HASI,HASI,^GSPC
ticker,HAYW,HAYW,^GSPC
ticker,HCC,HCC,^GSPC
ticker,HCI,HCI,^GSPC
ticker,HCSG,HCSG,^GSPC
ticker,HE,HE,^GSPC
ticker,HFWA,HFWA,^GSPC
ticker,HI,HI,^GSPC
ticker,HIW,HIW,^GSPC
ticker,HLIT,HLIT,^GSPC
ticker,HLX,HLX,^GSPC
ticker,HMN,HMN,^GSPC
ticker,HNI,HNI,^GSPC
ticker,HOPE,HOPE,^GSPC
ticker,HP,HP,^GSPC
ticker,HRMY,HRMY,^GSPC
ticker,HSTM,HSTM,^GSPC
ticker,HTH,HTH,^GSPC
ticker,HTLD,HTLD,^GSPC
ticker,HTO,HTO,^GSPC
ticker,HTZ,HTZ,^GSPC
ticker,HUBG,HUBG,^GSPC
ticker,HWKN,HWKN,^GSPC
ticker,HZO,HZO,^GSPC
ticker,IAC,IAC,^GSPC
ticker,IART,IART,^GSPC
ticker,IBP,IBP,^GSPC
ticker,ICHR,ICHR,^GSPC
ticker,ICUI,ICUI,^GSPC
ticker,IDCC,IDCC,^GSPC
ticker,IIIN,IIIN,^GSPC
ticker,IIPR,IIPR,^GSPC
ticker,INDB,INDB,^GSPC
ticker,INDV,INDV,^GSPC
ticker,INN,INN,^GSPC
ticker,INSP,INSP,^GSPC
ticker,INSW,INSW,^GSPC
ticker,INVA,INVA,^GSPC
ticker,INVX,INVX,^GSPC
ticker,IOSP,IOSP,^GSPC
ticker,IPAR,IPAR,^GSPC
ticker,IRDM,IRDM,^GSPC
ticker,ITGR,ITGR,^GSPC
ticker,ITRI,ITRI,^GSPC
ticker,JBGS,JBGS,^GSPC
ticker,JBLU,JBLU,^GSPC
ticker,JBSS,JBSS,^GSPC
ticker,JBTM,JBTM,^GSPC
ticker,JJSF,JJSF,^GSPC
ticker,JOE,JOE,^GSPC
ticker,JXN,JXN,^GSPC
ticker,KAI,KAI,^GSPC
ticker,KALU,KALU,^GSPC
ticker,KFY,KFY,^GSPC
ticker,KGS,KGS,^GSPC
ticker,KLIC,KLIC,^GSPC
ticker,KMT,KMT,^GSPC
ticker,KMX,KMX,^GSPC
ticker,KN,KN,^GSPC
ticker,KNTK,KNTK,^GSPC
ticker,KOP,KOP,^GSPC
ticker,KREF,KREF,^GSPC
ticker,KRYS,KRYS,^GSPC
ticker,KSS,KSS,^GSPC
ticker,KTB,KTB,^GSPC
ticker,KW,KW,^GSPC
ticker,KWR,KWR,^GSPC
ticker,LBRT,LBRT,^GSPC
ticker,LCII,LCII,^GSPC
ticker,LGIH,LGIH,^GSPC
ticker,LGND,LGND,^GSPC
ticker,LKFN,LKFN,^GSPC
ticker,LKQ,LKQ,^GSPC
ticker,LMAT,LMAT,^GSPC
ticker,LNC,LNC,^GSPC
ticker,LNN,LNN,^GSPC
ticker,LPG,LPG,^GSPC
ticker,LQDT,LQDT,^GSPC
ticker,LRN,LRN,^GSPC
ticker,LTC,LTC,^GSPC
ticker,LUMN,LUMN,^GSPC
ticker,LXP,LXP,^GSPC
ticker,LZB,LZB,^GSPC
ticker,MAC,MAC,^GSPC
ticker,MAN,MAN,^GSPC
ticker,MARA,MARA,^GSPC
ticker,MATW,MATW,^GSPC
ticker,MATX,MATX,^GSPC
ticker,MBC,MBC,^GSPC
ticker,MC,MC,^GSPC
ticker,MCRI,MCRI,^GSPC
ticker,MCW,MCW,^GSPC
ticker,MCY,MCY,^GSPC
ticker,MD,MD,^GSPC
ticker,MDU,MDU,^GSPC
ticker,MGEE,MGEE,^GSPC
ticker,MGY,MGY,^GSPC
ticker,MHK,MHK,^GSPC
ticker,MHO,MHO,^GSPC
ticker,MIR,MIR,^GSPC
ticker,MKTX,MKTX,^GSPC
ticker,MLKN,MLKN,^GSPC
ticker,MMI,MMI,^GSPC
ticker,MMSI,MMSI,^GSPC
ticker,MNRO,MNRO,^GSPC
ticker,MODG,MODG,^GSPC
ticker,MOG-A,MOG-A,^GSPC
ticker,MPW,MPW,^GSPC
ticker,MRCY,MRCY,^GSPC
ticker,MRP,MRP,^GSPC
ticker,MRTN,MRTN,^GSPC
ticker,MSEX,MSEX,^GSPC
ticker,MSGS,MSGS,^GSPC
ticker,MTH,MTH,^GSPC
ticker,MTRN,MTRN,^GSPC
ticker,MTUS,MTUS,^GSPC
ticker,MTX,MTX,^GSPC
ticker,MWA,MWA,^GSPC
ticker,MXL,MXL,^GSPC
ticker,MYGN,MYGN,^GSPC
ticker,MYRG,MYRG,^GSPC
ticker,NABL,NABL,^GSPC
ticker,NATL,NATL,^GSPC
ticker,NAVI,NAVI,^GSPC
ticker,NBHC,NBHC,^GSPC
ticker,NBTB,NBTB,^GSPC
ticker,NE,NE,^GSPC
ticker,NEO,NEO,^GSPC
ticker,NEOG,NEOG,^GSPC
ticker,NGVT,NGVT,^GSPC
ticker,NHC,NHC,^GSPC
ticker,NMIH,NMIH,^GSPC
ticker,NOG,NOG,^GSPC
ticker,NPK,NPK,^GSPC
ticker,NPO,NPO,^GSPC
ticker,NSIT,NSIT,^GSPC
ticker,NSP,NSP,^GSPC
ticker,NTCT,NTCT,^GSPC
ticker,NVRI,NVRI,^GSPC
ticker,NWBI,NWBI,^GSPC
ticker,NWN,NWN,^GSPC
ticker,NX,NX,^GSPC
ticker,NXRT,NXRT,^GSPC
ticker,OFG,OFG,^GSPC
ticker,OGN,OGN,^GSPC
ticker,OI,OI,^GSPC
ticker,OII,OII,^GSPC
ticker,OMCL,OMCL,^GSPC
ticker,OPLN,OPLN,^GSPC
ticker,OSIS,OSIS,^GSPC
ticker,OTTR,OTTR,^GSPC
ticker,OUT,OUT,^GSPC
ticker,OXM,OXM,^GSPC
ticker,PAHC,PAHC,^GSPC
ticker,PARR,PARR,^GSPC
ticker,PATK,PATK,^GSPC
ticker,PAYO,PAYO,^GSPC
ticker,PBH,PBH,^GSPC
ticker,PBI,PBI,^GSPC
ticker,PCRX,PCRX,^GSPC
ticker,PDFS,PDFS,^GSPC
ticker,PEB,PEB,^GSPC
ticker,PECO,PECO,^GSPC
ticker,PENG,PENG,^GSPC
ticker,PENN,PENN,^GSPC
ticker,PFBC,PFBC,^GSPC
ticker,PFS,PFS,^GSPC
ticker,PGNY,PGNY,^GSPC
ticker,PHIN,PHIN,^GSPC
ticker,PI,PI,^GSPC
ticker,PIPR,PIPR,^GSPC
ticker,PJT,PJT,^GSPC
ticker,PLAB,PLAB,^GSPC
ticker,PLAY,PLAY,^GSPC
ticker,PLMR,PLMR,^GSPC
ticker,PLUS,PLUS,^GSPC
ticker,PLXS,PLXS,^GSPC
ticker,PMT,PMT,^GSPC
ticker,POWI,POWI,^GSPC
ticker,POWL,POWL,^GSPC
ticker,PRA,PRA,^GSPC
ticker,PRAA,PRAA,^GSPC
ticker,PRDO,PRDO,^GSPC
ticker,PRG,PRG,^GSPC
ticker,PRGO,PRGO,^GSPC
ticker,PRGS,PRGS,^GSPC
ticker,PRIM,PRIM,^GSPC
ticker,PRK,PRK,^GSPC
ticker,PRKS,PRKS,^GSPC
ticker,PRLB,PRLB,^GSPC
ticker,PRSU,PRSU,^GSPC
ticker,PRVA,PRVA,^GSPC
ticker,PSMT,PSMT,^GSPC
ticker,PTCT,PTCT,^GSPC
ticker,PTEN,PTEN,^GSPC
ticker,PTGX,PTGX,^GSPC
ticker,PZZA,PZZA,^GSPC
ticker,QDEL,QDEL,^GSPC
ticker,QNST,QNST,^GSPC
ticker,QTWO,QTWO,^GSPC
ticker,RAL,RAL,^GSPC
ticker,RAMP,RAMP,^GSPC
ticker,RCUS,RCUS,^GSPC
ticker,RDN,RDN,^GSPC
ticker,RDNT,RDNT,^GSPC
ticker,RES,RES,^GSPC
ticker,REX,REX,^GSPC
ticker,REYN,REYN,^GSPC
ticker,REZI,REZI,^GSPC
ticker,RHI,RHI,^GSPC
ticker,RHP,RHP,^GSPC
ticker,RNST,RNST,^GSPC
ticker,ROCK,ROCK,^GSPC
ticker,ROG,ROG,^GSPC
ticker,RRR,RRR,^GSPC
ticker,RUN,RUN,^GSPC
ticker,RUSHA,RUSHA,^GSPC
ticker,RWT,RWT,^GSPC
ticker,RXO,RXO,^GSPC
ticker,SABR,SABR,^GSPC
ticker,SAFE,SAFE,^GSPC
ticker,SAFT,SAFT,^GSPC
ticker,SAH,SAH,^GSPC
ticker,SANM,SANM,^GSPC
ticker,SBCF,SBCF,^GSPC
ticker,SBH,SBH,^GSPC
ticker,SBSI,SBSI,^GSPC
ticker,SCHL,SCHL,^GSPC
ticker,SCL,SCL,^GSPC
ticker,SCSC,SCSC,^GSPC
ticker,SDGR,SDGR,^GSPC
ticker,SEDG,SEDG,^GSPC
ticker,SEE,SEE,^GSPC
ticker,SEM,SEM,^GSPC
ticker,SEZL,SEZL,^GSPC
ticker,SFBS,SFBS,^GSPC
ticker,SFNC,SFNC,^GSPC
ticker,SHAK,SHAK,^GSPC
ticker,SHEN,SHEN,^GSPC
ticker,SHO,SHO,^GSPC
ticker,SHOO,SHOO,^GSPC
ticker,SIG,SIG,^GSPC
ticker,SITM,SITM,^GSPC
ticker,SKT,SKT,^GSPC
ticker,SKY,SKY,^GSPC
ticker,SKYW,SKYW,^GSPC
ticker,SLG,SLG,^GSPC
ticker,SLVM,SLVM,^GSPC
ticker,SM,SM,^GSPC
ticker,SMP,SMP,^GSPC
ticker,SMPL,SMPL,^GSPC
ticker,SMTC,SMTC,^GSPC
ticker,SNCY,SNCY,^GSPC
ticker,SNDR,SNDR,^GSPC
ticker,SNEX,SNEX,^GSPC
ticker,SOLS,SOLS,^GSPC
ticker,SONO,SONO,^GSPC
ticker,SPNT,SPNT,^GSPC
ticker,SPSC,SPSC,^GSPC
ticker,SRPT,SRPT,^GSPC
ticker,SSTK,SSTK,^GSPC
ticker,STAA,STAA,^GSPC
ticker,STBA,STBA,^GSPC
ticker,STC,STC,^GSPC
ticker,STEL,STEL,^GSPC
ticker,STEP,STEP,^GSPC
ticker,STRA,STRA,^GSPC
ticker,SUPN,SUPN,^GSPC
ticker,SXC,SXC,^GSPC
ticker,SXI,SXI,^GSPC
ticker,SXT,SXT,^GSPC
ticker,TALO,TALO,^GSPC
ticker,TBBK,TBBK,^GSPC
ticker,TDC,TDC,^GSPC
ticker,TDS,TDS,^GSPC
ticker,TDW,TDW,^GSPC
ticker,TFIN,TFIN,^GSPC
ticker,TFX,TFX,^GSPC
ticker,TGNA,TGNA,^GSPC
ticker,TGTX,TGTX,^GSPC
ticker,THRM,THRM,^GSPC
ticker,THS,THS,^GSPC
ticker,TILE,TILE,^GSPC
ticker,TMDX,TMDX,^GSPC
ticker,TMP,TMP,^GSPC
ticker,TNC,TNC,^GSPC
ticker,TNDM,TNDM,^GSPC
ticker,TPH,TPH,^GSPC
ticker,TR,TR,^GSPC
ticker,TRIP,TRIP,^GSPC
ticker,TRMK,TRMK,^GSPC
ticker,TRN,TRN,^GSPC
ticker,TRNO,TRNO,^GSPC
ticker,TRST,TRST,^GSPC
ticker,TRUP,TRUP,^GSPC
ticker,TTMI,TTMI,^GSPC
ticker,TWI,TWI,^GSPC
ticker,TWO,TWO,^GSPC
ticker,UA,UA,^GSPC
ticker,UAA,UAA,^GSPC
ticker,UCB,UCB,^GSPC
ticker,UCTT,UCTT,^GSPC
ticker,UE,UE,^GSPC
ticker,UFCS,UFCS,^GSPC
ticker,UFPT,UFPT,^GSPC
ticker,UHT,UHT,^GSPC
ticker,UNF,UNF,^GSPC
ticker,UNFI,UNFI,^GSPC
ticker,UNIT,UNIT,^GSPC
ticker,UPBD,UPBD,^GSPC
ticker,UPWK,UPWK,^GSPC
ticker,URBN,URBN,^GSPC
ticker,USPH,USPH,^GSPC
ticker,UTL,UTL,^GSPC
ticker,UVV,UVV,^GSPC
ticker,VAC,VAC,^GSPC
ticker,VCEL,VCEL,^GSPC
ticker,VCTR,VCTR,^GSPC
ticker,VCYT,VCYT,^GSPC
ticker,VECO,VECO,^GSPC
ticker,VIAV,VIAV,^GSPC
ticker,VICR,VICR,^GSPC
ticker,VIR,VIR,^GSPC
ticker,VIRT,VIRT,^GSPC
ticker,VITL,VITL,^GSPC
ticker,VRE,VRE,^GSPC
ticker,VRRM,VRRM,^GSPC
ticker,VRTS,VRTS,^GSPC
ticker,VSAT,VSAT,^GSPC
ticker,VSCO,VSCO,^GSPC
ticker,VSH,VSH,^GSPC
ticker,VSNT,VSNT,^GSPC
ticker,VSTS,VSTS,^GSPC
ticker,VTOL,VTOL,^GSPC
ticker,VYX,VYX,^GSPC
ticker,WABC,WABC,^GSPC
ticker,WAFD,WAFD,^GSPC
ticker,WAY,WAY,^GSPC
ticker,WD,WD,^GSPC
ticker,WDFC,WDFC,^GSPC
ticker,WEN,WEN,^GSPC
ticker,WERN,WERN,^GSPC
ticker,WGO,WGO,^GSPC
ticker,WHD,WHD,^GSPC
ticker,WINA,WINA,^GSPC
ticker,WKC,WKC,^GSPC
ticker,WLY,WLY,^GSPC
ticker,WOR,WOR,^GSPC
ticker,WRLD,WRLD,^GSPC
ticker,WS,WS,^GSPC
ticker,WSC,WSC,^GSPC
ticker,WSFS,WSFS,^GSPC
ticker,WSR,WSR,^GSPC
ticker,WT,WT,^GSPC
ticker,WU,WU,^GSPC
ticker,WWW,WWW,^GSPC
ticker,XHR,XHR,^GSPC
ticker,XNCR,XNCR,^GSPC
ticker,XPEL,XPEL,^GSPC
ticker,YELP,YELP,^GSPC
ticker,YOU,YOU,^GSPC
ticker,ZD,ZD,^GSPC
ticker,ZWS,ZWS,^GSPC
index,^AEX,,^AEX
index,^ATX,,^ATX
index,^BFX,,^BFX
index,^FCHI,,^FCHI
index,^FTMIB,,^FTMIB
index,^FTSE,,^FTSE
index,^GDAXI,,^GDAXI
index,^GSPC,,^GSPC
index,^GSPTSE,,^GSPTSE
index,^IBEX,,^IBEX
index,^OMX,,^OMX
index,^OMXC25,,^OMXC25
index,^OSEAX,,^OSEAX
index,^SSMI,,^SSMI
index,^WIG20,,^WIG20
